employee_id,first_name,last_name,email,phone,address,job_title,department,salary,ssn,dob,password
552011,Cole,Castillo,oflores@example.net,001-779-643-2612x1604,864 Bryant Rapid Phillipston CO 41521,Manufacturing systems engineer,Engineering,49300.57,704-52-2458,2000-05-01,&U5nj1*uVQP
610679,Ruth,Zamora,lindseyshelton@example.net,828-673-0765,243 Petty Bypass Freemanville GU 22191,Biomedical scientist,HR,42703.34,276-56-4349,1985-05-16,PK6P2i66r3wj
918591,Jennifer,Mendez,donna29@example.net,(746)958-1844,30675 Michele Viaduct Apt. 574 Singhbury CT 12986,Petroleum engineer,HR,67930.62,267-81-3883,1977-11-29,2G^FPjyzKM2
942763,Latoya,Andrade,samantha18@example.net,(251)541-6993x9328,Unit 7448 Box 1470 DPO AE 03551,Physiotherapist,HR,101966.58,295-26-2728,1962-06-09,iMtc9O&p1L
879979,Melanie,Davis,allenjoshua@example.org,947.501.4048,6272 Brooke Falls Suite 356 West Ann ID 67176,Historic buildings inspector/conservation officer,Engineering,69993.46,774-98-5840,1997-11-18,Op8PmlFhh
884244,Michael,Combs,katie82@example.net,906-587-7658,3643 Kimberly Course Suite 469 South David LA 23366,Insurance risk surveyor,HR,119633.08,510-31-4483,1977-07-15,U^UUXoPA
487315,Laurie,Johnson,yolandajenkins@example.org,9568007277,2672 Peggy Curve Port Janice OH 59749,Special effects artist,Finance,43460.52,815-77-0253,1991-05-08,6P!WZFdYm
140272,Kenneth,Leonard,khaney@example.com,349-301-1724x0691,1750 Michelle Mountain Apt. 210 North John TN 23171,Health and safety adviser,HR,102868.79,494-86-5570,1961-04-30,g0smRte84
716011,Heather,Turner,butlersteven@example.org,001-632-415-2291,130 Stephanie Key South Dannyborough ND 10374,Sub,Sales,90293.85,396-21-1599,1969-05-19,qZtQcBwu5
18921,Renee,Higgins,lewisscott@example.com,+1-828-997-4816x803,213 Parks Inlet West Scottstad NJ 45777,Scientist research (maths),HR,103064.16,374-69-8030,1991-10-09,&EAvAuCE
258448,Collin,Thompson,mmccullough@example.org,001-278-770-4056x728,066 Ramos Path Kristihaven AL 23825,Loss adjuster chartered,Finance,59984.76,819-27-2227,1974-12-27,jRKFs2^b
747498,Amanda,Meyer,cynthiacaldwell@example.com,841-414-7675x78535,33051 Williams Mountains Apt. 703 Margaretberg IA 70540,Pilot airline,Marketing,95589.71,288-45-5715,1995-07-20,npM52BaUVW
49207,Kathryn,Torres,sarah94@example.com,719-640-4507,195 White Prairie Suite 409 South Madeline UT 99591,Dance movement psychotherapist,HR,64692.37,290-91-3699,1969-09-23,ZiAqis3TLEb
540971,David,Woods,kristinfrank@example.net,594.763.4314x7001,09726 Debra Rapid Suite 715 Jaredshire SD 63162,Set designer,Engineering,48049.82,823-45-9710,1995-05-25,PSc!NT!&lVk
40247,Todd,Howard,leethomas@example.net,861-882-4925,0971 Lawson Dale Jamesport MS 77864,Photographer,HR,86102.25,327-84-4828,1989-05-15,@QsrdJ*oY
432590,Antonio,Espinoza,barbarahamilton@example.org,336.636.2470,84190 Costa Crossing Thomasville OR 26176,Heritage manager,Marketing,41577.67,218-93-5108,1982-06-27,m2eue&XkwFD
574131,Jay,Christensen,danielle19@example.net,3793982822,5594 Young Center Apt. 366 Contrerasmouth OH 80687,Designer ceramics/pottery,Engineering,82802.66,133-28-2483,1997-05-03,v3YnfK^d
291110,Kimberly,Johnson,annetteanthony@example.org,001-518-791-0444,3701 Mckenzie Inlet Suite 031 Louisfurt PR 11008,Nurse learning disability,Engineering,111242.68,819-09-0801,1990-10-19,7Mv8bBLqVMB
143434,Jessica,Trujillo,joshuamercer@example.org,+1-254-556-4795,1410 Martin Ridge Walkerville OH 44063,Air traffic controller,Engineering,85030.47,855-98-0912,1971-01-30,LKS^KOj*U
404320,Jerome,Howard,nancy60@example.net,+1-561-947-2550x377,48798 Gregory Union New Michaelmouth VA 65285,Sport and exercise psychologist,Marketing,107922.17,291-48-4101,2003-12-20,Acs2SMkkfDg
561560,Dale,King,laurayoung@example.com,937-541-1722,2580 Donna Plains Suite 507 Ellismouth GA 60957,Product designer,Marketing,66889.69,289-39-8078,1982-04-14,6@qGj@eux
616560,Corey,Kennedy,cware@example.com,001-290-551-5309x5605,958 Charles Viaduct Apt. 726 North Haley CT 25726,Retail banker,Finance,113135.47,553-21-6345,1959-10-17,Q9J7n9EmBW56
413524,Melissa,King,allenhicks@example.com,465.387.2390x48946,2385 Tyrone Well Apt. 643 Davidport DC 85333,Surveyor minerals,Sales,98856.74,330-54-5127,1987-03-16,%otGOtv%Z6F^
168052,Richard,Petersen,heather69@example.org,(235)273-9505,377 Ashley Forks New Thomasfort DC 84493,Chief Technology Officer,Sales,68255.49,599-41-2108,1999-01-29,8g&LZerzAqL5
553606,Daniel,Johnson,claudiafletcher@example.org,(625)554-7131,528 Christopher Ville Douglastown OK 27853,Manufacturing engineer,Finance,99397.43,641-93-0824,1966-02-04,8IfKejgKDiU
456896,John,Decker,uthomas@example.org,+1-546-294-7979x83361,4757 Anthony Extension Taraborough PR 10012,Restaurant manager fast food,Marketing,119756.61,072-29-9643,1996-09-04,hDfdnYGE9Zo
408137,Dominic,Gallagher,nicholsjacqueline@example.org,001-579-659-3639,33155 Glen Parkway Apt. 893 Alexandermouth MN 53093,Multimedia programmer,Sales,61876.92,846-49-1451,1986-09-27,xuA3GXj4ELj^
638419,Darlene,Olson,martha35@example.net,933-886-3077x207,83029 Jack Course Apt. 722 South Linda NJ 41823,Microbiologist,Finance,85338.49,443-31-5300,1988-01-05,uK7^a7cF
898689,Marilyn,Li,nflores@example.org,001-680-552-0954,6205 David Plaza Apt. 176 New Christopherstad OR 81161,Therapist occupational,Engineering,74922.49,672-89-9490,2001-02-03,5xG@sW%6yT^
626871,Sharon,Allen,shawn77@example.com,(484)985-6759,4114 Monroe Estate Suite 209 South Valerie OR 20347,Electronics engineer,HR,52999.56,883-86-8895,2003-03-09,WuhmuSS#C4P
394538,Christopher,Perez,davidparker@example.net,(779)336-8556,3843 Mark Forge Lake Richardmouth RI 69463,Make,HR,85596.65,828-92-9296,1982-05-29,EG5lQPUqXd#Y
417179,Pamela,Smith,aaronjones@example.com,230-229-5327x79714,884 Walsh Villages Suite 614 East Shaunport SD 79791,Engineer electrical,Marketing,72862.38,534-87-5854,1992-10-29,HMftu7LDUs^6
564723,Laura,Robinson,thomasrandall@example.org,418-215-4049x141,7392 Harrison Green Suite 805 Nathanside AL 03319,Accountant chartered certified,Finance,49763.98,873-95-0017,1965-08-18,2Eyf8dtDub8
117018,Joseph,Wong,clarkandrea@example.org,920.668.4684x484,91347 Matthews Lodge Apt. 348 South Charles WA 34588,Corporate treasurer,HR,46723.94,823-07-6725,1982-02-07,7Aq!N@gOgaX
646575,Joseph,George,michelle41@example.com,372.937.9618x7998,86511 Albert Trail Suite 680 Teresashire RI 36765,Solicitor,HR,80946.95,795-96-1748,1959-07-28,#FOX1tTx
630048,John,Rodriguez,clarkkimberly@example.org,5474830873,1663 Theresa Falls Port Phillip GU 06422,Associate Professor,HR,61624.29,254-49-7790,1999-06-20,@WIEtUdE0EHx
258537,Alexandra,Jackson,seanayala@example.com,509-938-3736x67668,54979 Lisa Gardens Suite 934 East Elizabethshire NM 51635,Prison officer,Sales,48256.87,257-56-5288,1959-08-01,XZD18DGyCxKf
177994,Robert,Walker,douglasrussell@example.com,+1-871-211-3953,Unit 6925 Box 8301 DPO AE 17825,Database administrator,Engineering,92289.1,172-53-6913,1997-05-09,FIbAOw$F
396630,Kathleen,Jackson,stephanie34@example.org,(814)487-4020x928,96635 Alexander Greens Josephmouth MA 43610,Engineer chemical,Sales,55045.05,440-52-1702,1975-08-14,VHsce^NlfV
686282,Brooke,Russell,mccoymelanie@example.net,694.346.1758x69240,70411 Miller Road Suite 356 West Roberttown TN 73163,Furniture designer,Sales,90194.52,300-09-5116,1997-04-05,!JCrF!m0q
433457,Kenneth,Snyder,theresaharris@example.com,6684520925,91596 Brown Well Apt. 194 Dunnchester KS 37007,Psychologist occupational,HR,62544.74,243-92-8926,2000-04-16,LhJL3ti#
583040,Charles,Holt,mjohnson@example.net,2622729392,3023 Andrew Vista Suite 487 Ramosfurt GU 86637,Television camera operator,Engineering,71738.23,059-51-6617,1990-05-15,TAlqOmEF8v
465994,Craig,Butler,anita51@example.org,(517)823-5608,965 Ray Passage Apt. 848 South Jenniferfort ME 14151,Field seismologist,Finance,115513.48,880-66-2657,1980-02-21,n6h2Kp9@
529695,Eric,Foster,rossjennifer@example.org,252-731-1022x6476,Unit 8302 Box 7219 DPO AP 21903,Private music teacher,Marketing,71451.7,572-13-4800,1970-11-16,#849IF$qTZ
35006,Andrew,Mullins,mcdowellanna@example.com,+1-992-950-4136,2280 Vance Dam Suite 730 Norristown IA 82747,Passenger transport manager,Sales,94333.74,780-41-3013,1992-10-28,YNl@%&foIw$s
510185,Brian,Mason,caldwellkevin@example.org,364-874-7232x3202,654 Matthew Expressway Taylorview GU 91705,Lecturer further education,Engineering,54404.19,310-90-5655,1990-06-08,&RHCcaPh
439871,Brian,Bennett,russellgates@example.net,+1-929-447-3124x66852,14295 Hernandez Keys Reeseside NY 44021,Senior tax professional/tax inspector,Finance,46850.96,800-72-7548,1972-01-11,G#%^KlIeyq
975408,Lauren,Gonzalez,hilltammy@example.net,8433016279,23391 Ruth Passage Lake Anthony CO 34829,Human resources officer,Finance,57168.32,368-88-7304,1989-09-03,Fdds2ADjb@
221295,Timothy,Flores,hpeters@example.net,001-982-414-8278x3643,120 Gutierrez Wells North Justin VT 07308,Scientist product/process development,HR,101493.12,065-81-0344,1998-12-16,px9dxUqi
471624,Jaime,Mata,toddtom@example.org,001-775-322-9424,0798 Perez Isle South John OK 72611,Nurse children's,Sales,47528.95,295-84-9235,2004-06-28,QM!^fm%uOIiw
995194,James,Morton,noahwatson@example.com,001-298-536-1277x13190,07562 Moore Mall Apt. 128 New Sandra IA 95331,Public house manager,Sales,77730.84,843-57-0784,1961-04-14,#frXrlHV
229829,Cynthia,Baker,mark97@example.org,300-448-1089x95860,91157 Alexis Courts West Brianmouth OR 02020,Agricultural engineer,Engineering,66244.25,395-35-5354,1965-06-08,xgsJK3ga
595260,Ashley,Stone,dmerritt@example.com,001-483-410-6747x29480,0461 Hoffman Isle New Rachel WY 03056,Site engineer,HR,80437.56,272-64-6857,1982-03-02,U!frUIYpBR3
886916,David,Perez,tanyawilson@example.org,458-265-3415,9354 Tiffany Extension Rowechester MA 11919,Lecturer higher education,Marketing,45706.25,576-26-8662,1961-03-14,O6t^7QfS
80488,Julie,Davis,wibarra@example.net,(264)452-2509,527 Todd Field Suite 046 Micheleport VI 24434,Civil engineer consulting,Engineering,74198.28,447-95-3937,1997-04-04,lSENS*lNna
880746,Joshua,Greer,smithtammy@example.net,449.477.7232,06997 Monica Point Apt. 013 New Keithchester FM 89747,Set designer,Engineering,110931.72,464-78-7173,1979-11-06,TX&WnAAR%
447744,April,Rodriguez,castilloann@example.org,+1-548-686-1143x176,1523 Welch Mill Suite 045 New Wesleymouth IL 54673,Leisure centre manager,Marketing,65858.86,791-12-1813,1973-09-19,xh3OOJgOJJHB
704313,Mark,Jones,ireynolds@example.net,705-445-8039x30405,Unit 4643 Box 8575 DPO AA 17492,IT consultant,Sales,40362.35,242-30-9136,1971-04-28,F^MRqi4Ba
376852,Dylan,Wheeler,hectorhodges@example.net,4024305874,114 Glass Coves Lake Johnny PA 96208,Private music teacher,Sales,61035.15,893-68-7697,1967-06-18,DdeVhTIzJ
156500,Brandy,Meyer,ronald94@example.com,608-590-0007x7349,9296 Matthew Spring Apt. 021 Amyville NM 70710,Sports therapist,Engineering,60260.57,047-18-0764,1996-10-29,0A&1@eQs
760674,Paula,Sharp,emilylowery@example.org,4049573111,81028 April Union Apt. 241 Greenfort DC 99543,Loss adjuster chartered,Finance,49478.52,251-08-1436,2001-02-08,!569KhpY
418992,Kayla,Hoffman,kenneth07@example.com,+1-623-951-7418x363,188 Smith Estates Suite 889 Jasonstad OR 01431,Psychologist clinical,Engineering,50875.56,646-56-3062,1964-09-18,&Jhd@wsWpccw
732920,Melissa,Armstrong,stevencoleman@example.net,(824)394-2172x562,5417 George Ports West Amberstad ME 81800,Health promotion specialist,Finance,62333.99,609-22-9499,1978-07-01,w2foAzR9V@*J
798168,Loretta,Page,claytonhuerta@example.net,(782)836-1672x23153,786 Charles Heights Jasonmouth AR 00816,Paramedic,Marketing,54684.15,793-61-4955,1973-11-04,U!vkOUKGwg
83471,Abigail,Estrada,holmesamber@example.org,(848)631-5025,924 Wilcox Mission Millerchester GA 21242,Music tutor,HR,66495.58,837-28-1046,2003-04-23,Dc62M7wYs
241624,Phillip,Jensen,harmonjamie@example.com,001-561-909-0104x4182,071 Marcus Mountains Apt. 850 North Heather WY 59552,Geophysicist/field seismologist,Marketing,119552.3,244-23-4463,1960-02-03,0jCXdsm!
312513,Roger,Williams,kevin24@example.net,001-594-546-9614x1252,83719 Garcia Manor South Jennybury VA 76520,Comptroller,Sales,113566.11,620-20-8778,1964-08-20,hAVooKY8
894798,Andrew,Carpenter,saundersjoshua@example.org,776-585-2355x30174,988 Jensen Walk Suite 064 North Brianton KY 34170,English as a second language teacher,Sales,82634.43,450-55-6189,1983-05-02,r1GFA!ilZh
100374,William,Smith,david33@example.com,200-866-6475x458,PSC 5681 Box 3733 APO AE 36430,Production engineer,Finance,67804.84,450-49-8435,1982-03-08,2&VW4NWU
384823,Nathan,Woods,evanstodd@example.net,337.838.1630x4972,93013 Ochoa Cliffs West Ralph WY 27023,Surveyor hydrographic,Sales,66782.05,200-60-2464,1985-01-26,jWHhSkzP^z4
687029,Gregory,Martinez,juliafranco@example.com,+1-573-920-0832,PSC 6973 Box 3275 APO AP 54670,Administrator,Sales,117827.49,839-36-6187,1985-10-11,O7H7r9@%XUoP
615921,Maria,Hale,oprice@example.net,+1-635-278-6568x85244,5693 Lori Valleys Suite 974 Taylorburgh MS 12670,Energy manager,Finance,102754.57,634-28-5819,1963-05-16,bAq!@m92$7
927058,Timothy,Torres,jennifer90@example.org,(273)853-4391x122,325 Carey Course Timothyport LA 76999,Financial adviser,HR,43656.42,509-21-3111,1962-09-09,1%FFn%gYr1R
657398,Allen,Branch,william39@example.net,420-998-8894x82632,026 Thompson Parks Karenland TN 99214,Presenter broadcasting,Sales,104122.35,274-39-4219,1996-07-09,ybv@qa@Cf
441437,Edward,Lawrence,ruizdaniel@example.com,001-348-765-6758,78796 Hopkins Meadows Lake Melissabury AR 04035,Tourism officer,Engineering,82177.66,166-07-6707,1979-11-28,BJl4ff7ETY9N
371243,Brandon,Davis,anthonylyons@example.com,945.573.6428,326 Mark Roads Cindymouth PA 05246,Social researcher,HR,112598.32,853-29-5302,1966-12-20,NPll$IWZGZ
969159,Jeffrey,Butler,jason24@example.net,795-428-1925,28108 Elizabeth Garden Lake Sherryhaven PA 47254,Water engineer,Finance,76518.1,065-15-6659,1987-06-30,qR5OtnH^x%
424791,Joseph,Johnson,elizabeth98@example.net,909-757-5358,45352 Paige Mall Suite 180 Mcintoshstad MD 47402,Television/film/video producer,Engineering,46468.24,335-79-5447,1963-01-04,pl$VDm2oP
190861,Brian,Jackson,matthewnelson@example.com,3435886166,7768 Veronica Ridge East Kimberly AK 62718,Associate Professor,HR,87235.48,612-04-2841,1992-08-01,0Xpvifu!Y
286527,Kristin,Stanley,cory21@example.org,955-688-6697,796 Shannon Lake Apt. 380 South Williamchester KS 63929,Writer,Finance,88381.98,428-91-1395,1991-04-29,VHj@c3Kd48^2
431216,Donna,Santiago,marcussalas@example.net,7235989662,6676 Fisher Station New Duanefort MS 76796,Hydrogeologist,Marketing,76232.61,300-19-1042,1989-01-11,ND5H34nr
203874,Christopher,Hawkins,hbenson@example.com,608.751.6214,805 Beard Brooks Suite 842 South Mariafort WY 69639,Hydrographic surveyor,Marketing,73856.93,831-83-8904,2001-05-30,BxBbzBvL
429124,Austin,Jackson,sloanjacqueline@example.net,(486)463-8109,615 Edward Ramp North Douglas OR 09246,Human resources officer,Sales,63185.8,222-36-2293,1989-10-07,Q0k17My5mHI
217618,Jason,Lee,browntina@example.com,703.579.5087x4160,718 Cody Stravenue Suite 079 South Troy IL 25761,Occupational psychologist,Engineering,66750.9,109-22-5860,1978-06-19,1@Py0cRO0Jl
54910,Kelsey,Ramos,mikeday@example.org,(432)873-5407,91751 Stephanie Pass Lake Matthew ND 79602,Volunteer coordinator,Engineering,77283.57,064-04-6230,1992-06-10,ttDH$xC%5^
376032,Heather,Patterson,santiagojoshua@example.org,+1-621-314-7822,65156 Heather Harbor Brownstad NY 29802,Medical illustrator,HR,118461.7,139-39-1996,1978-02-26,Qj76pIwsf771
77516,Lori,Ortiz,katelyn24@example.org,+1-724-239-8269x033,2793 Adams Cape Shelleyport AK 19528,Farm manager,Sales,77221.94,432-39-2711,1966-06-15,j%8oDix%As@
631204,Monica,Gibson,vnichols@example.org,(458)524-0080x7467,558 Nancy Coves Suite 880 West Williamfurt ID 69835,Surveyor insurance,Engineering,88636.61,111-34-4132,1999-08-27,tt*pEldVf9
217460,David,Pope,frazierkevin@example.net,(861)481-6823,767 Patterson Neck Port Ariel AL 04746,Advice worker,Sales,48930.58,361-69-3571,1960-05-29,HMgw^v8z
857841,Ronald,Salazar,raymond51@example.com,254-822-7332,011 Wood Ports Apt. 117 West Jacob SC 44397,Drilling engineer,Sales,71133.23,273-46-4830,1979-07-06,w#yDCwl4XRe
556199,Dorothy,Fox,gregory44@example.net,644.316.5898,PSC 8124 Box 0488 APO AA 61898,Pensions consultant,Sales,102954.2,625-01-2139,1970-02-03,7e1GPkeU
167639,Jon,Parker,joneskaitlyn@example.net,285-413-0616x308,42894 Brown Radial Suite 376 Cassandramouth KY 31095,Holiday representative,Engineering,48444.36,483-78-8114,1992-06-12,$*0knvvJ!I89
942247,Susan,Brown,mary52@example.org,+1-554-946-9798x6587,PSC 7548 Box 5436 APO AA 27353,Designer jewellery,HR,48893.02,408-33-1647,1960-01-12,D3Ya44znR4GU
93,Brittany,Pugh,john70@example.com,001-438-304-1597x417,095 Lewis Wall Suite 610 Helenchester VT 33698,Musician,HR,100211.14,736-89-6332,1964-10-09,72XKgEcuhwDE
368191,Jesse,Banks,gravesrichard@example.com,564.356.5831,015 George Mall Suite 216 South Collinmouth DC 05663,Video editor,HR,96355.82,149-14-1462,1967-04-07,FdhM#kOv4$Z
867151,Robert,Graves,marquezjames@example.com,001-639-493-2627x82333,9169 Garcia Landing Garrettland DE 21983,Counselling psychologist,Marketing,117944.46,364-85-2251,2007-04-20,qj1e1MeWrVJ
830335,Elizabeth,Shea,rhonda12@example.com,204.844.3194x9039,309 Melanie Flats Kathleenfort ND 72324,Adult nurse,HR,40442.75,276-57-5561,1994-05-31,0qXt%X%!FC
786157,Ashley,Shelton,jamesramsey@example.org,285-454-5388,71262 Young Ferry Apt. 472 Port Michaelchester WY 96573,Corporate treasurer,Sales,54795.71,585-87-3791,1974-03-20,F9A1ma7iyF
182251,Andrea,Ellison,susan49@example.org,2777908772,29706 Gomez Junctions Suite 750 Danielton MN 01954,Magazine features editor,Engineering,84378.6,683-15-7382,1961-10-12,mh!z3sp20
505404,John,Morrow,kcordova@example.org,807.462.8052x6814,PSC 7175 Box 0257 APO AE 75940,Psychiatric nurse,Sales,105650.71,702-47-6075,1998-03-07,R1HYClrq
